CustomerID,Total_Revenue,Total_Orders,Customer_Segment
12346,77183.6,1,High Value Customer
12347,4310.0,7,Medium Value Customer
12348,1797.24,4,Low Value Customer
12349,1757.55,1,Low Value Customer
12350,334.4,1,Low Value Customer
12352,2506.04,8,Low Value Customer
12353,89.0,1,Low Value Customer
12354,1079.4,1,Low Value Customer
12355,459.4,1,Low Value Customer
12356,2811.43,3,Low Value Customer
12357,6207.67,1,Medium Value Customer
12358,1168.0600000000002,2,Low Value Customer
12359,6310.03,4,Medium Value Customer
12360,2662.06,3,Low Value Customer
12361,189.9,1,Low Value Customer
12362,5226.23,10,Medium Value Customer
12363,552.0,2,Low Value Customer
12364,1313.1,4,Low Value Customer
12365,641.38,2,Low Value Customer
12367,168.9,1,Low Value Customer
12370,3541.94,4,Medium Value Customer
12371,1887.96,2,Low Value Customer
12372,1298.04,3,Low Value Customer
12373,364.6,1,Low Value Customer
12374,742.9300000000001,1,Low Value Customer
12375,457.5,2,Low Value Customer
12377,1628.12,2,Low Value Customer
12378,4008.62,1,Medium Value Customer
12379,852.24,2,Low Value Customer
12380,2724.81,4,Low Value Customer
12381,1845.31,5,Low Value Customer
12383,1850.56,5,Low Value Customer
12384,585.27,2,Low Value Customer
12386,401.9,2,Low Value Customer
12388,2780.66,6,Low Value Customer
12390,549.84,1,Low Value Customer
12391,439.66,1,Low Value Customer
12393,1582.6000000000001,4,Low Value Customer
12394,1272.48,2,Low Value Customer
12395,3018.63,12,Medium Value Customer
12397,2409.9,2,Low Value Customer
12398,1635.6599999999999,1,Low Value Customer
12399,1108.65,4,Low Value Customer
12401,84.3,1,Low Value Customer
12402,225.6,1,Low Value Customer
12403,427.7,1,Low Value Customer
12405,1710.39,1,Low Value Customer
12406,3415.3,2,Medium Value Customer
12407,1708.1200000000001,5,Low Value Customer
12408,2888.55,5,Low Value Customer
12409,11072.67,3,High Value Customer
12410,693.3299999999999,2,Low Value Customer
12412,1226.88,3,Low Value Customer
12413,758.1,3,Low Value Customer
12414,562.41,3,Low Value Customer
12415,124914.53,21,High Value Customer
12417,3649.1,9,Medium Value Customer
12418,668.58,1,Low Value Customer
12420,600.39,1,Low Value Customer
12421,807.04,4,Low Value Customer
12422,803.5600000000001,3,Low Value Customer
12423,1859.31,8,Low Value Customer
12424,1760.96,2,Low Value Customer
12425,777.2,1,Low Value Customer
12426,582.73,1,Low Value Customer
12427,825.8,3,Low Value Customer
12428,7956.46,9,Medium Value Customer
12429,3750.4,4,Medium Value Customer
12430,256.4,1,Low Value Customer
12431,6419.95,15,Medium Value Customer
12432,5059.32,5,Medium Value Customer
12433,13375.87,7,High Value Customer
12434,806.14,2,Low Value Customer
12435,7829.89,2,Medium Value Customer
12436,509.01,1,Low Value Customer
12437,4951.41,18,Medium Value Customer
12438,2906.85,2,Low Value Customer
12441,173.55,1,Low Value Customer
12442,172.06,1,Low Value Customer
12444,5005.46,5,Medium Value Customer
12445,133.4,1,Low Value Customer
12446,1002.3100000000001,1,Low Value Customer
12447,476.49,1,Low Value Customer
12448,449.45,1,Low Value Customer
12449,4067.29,4,Medium Value Customer
12450,197.88,2,Low Value Customer
12451,9035.52,5,Medium Value Customer
12452,430.57,2,Low Value Customer
12453,707.09,1,Low Value Customer
12454,3528.34,1,Medium Value Customer
12455,2466.86,6,Low Value Customer
12456,3181.04,3,Medium Value Customer
12457,2363.23,7,Low Value Customer
12458,947.4,2,Low Value Customer
12461,826.88,2,Low Value Customer
12462,1189.59,2,Low Value Customer
12463,1344.78,4,Low Value Customer
12464,1212.05,8,Low Value Customer
12465,742.1899999999999,2,Low Value Customer
12468,729.5400000000001,2,Low Value Customer
12471,19788.649999999998,30,High Value Customer
12472,6572.11,7,Medium Value Customer
12473,3928.05,5,Medium Value Customer
12474,7324.09,18,Medium Value Customer
12475,723.38,1,Low Value Customer
12476,6816.42,11,Medium Value Customer
12477,13219.74,6,High Value Customer
12478,680.99,1,Low Value Customer
12479,527.2,1,Low Value Customer
12480,3281.63,4,Medium Value Customer
12481,5579.82,10,Medium Value Customer
12483,2484.98,8,Low Value Customer
12484,4527.32,6,Medium Value Customer
12488,1298.66,3,Low Value Customer
12489,334.93,1,Low Value Customer
12490,5417.93,10,Medium Value Customer
12491,460.40000000000003,1,Low Value Customer
12492,263.21000000000004,2,Low Value Customer
12493,433.74,2,Low Value Customer
12494,1246.1000000000001,7,Low Value Customer
12497,1043.1,1,Low Value Customer
12498,403.70000000000005,3,Low Value Customer
12500,4257.82,11,Medium Value Customer
12501,2169.39,1,Low Value Customer
12502,3723.87,5,Medium Value Customer
12504,482.04999999999995,2,Low Value Customer
12506,73.5,1,Low Value Customer
12507,1304.81,3,Low Value Customer
12508,397.88,2,Low Value Customer
12509,176.5,1,Low Value Customer
12510,982.5699999999999,2,Low Value Customer
12512,132.18,2,Low Value Customer
12513,612.29,1,Low Value Customer
12514,1017.68,1,Low Value Customer
12515,383.7,1,Low Value Customer
12516,1312.06,2,Low Value Customer
12517,2481.6,5,Low Value Customer
12518,2056.89,5,Low Value Customer
12519,330.84,1,Low Value Customer
12520,2634.26,5,Low Value Customer
12521,599.68,1,Low Value Customer
12522,192.72,2,Low Value Customer
12523,1789.77,11,Low Value Customer
12524,4485.72,8,Medium Value Customer
12526,1316.66,3,Low Value Customer
12527,348.71000000000004,3,Low Value Customer
12528,1933.48,6,Low Value Customer
12530,1662.28,4,Low Value Customer
12531,125.22,1,Low Value Customer
12532,349.83000000000004,1,Low Value Customer
12534,1089.18,1,Low Value Customer
12535,716.35,2,Low Value Customer
12536,12601.83,3,High Value Customer
12538,363.95,1,Low Value Customer
12539,5568.35,4,Medium Value Customer
12540,13400.24,17,High Value Customer
12541,981.18,3,Low Value Customer
12544,372.7,1,Low Value Customer
12545,1000.39,2,Low Value Customer
12546,1161.5,2,Low Value Customer
12547,207.79999999999998,2,Low Value Customer
12548,95.19999999999999,1,Low Value Customer
12550,964.83,1,Low Value Customer
12551,168.0,1,Low Value Customer
12552,437.82,2,Low Value Customer
12553,3692.28,10,Medium Value Customer
12556,599.56,2,Low Value Customer
12557,11990.960000000001,5,High Value Customer
12558,269.96,1,Low Value Customer
12559,561.71,2,Low Value Customer
12560,2134.01,3,Low Value Customer
12561,238.85,1,Low Value Customer
12562,3781.7400000000002,7,Medium Value Customer
12564,456.9,1,Low Value Customer
12565,145.92,1,Low Value Customer
12566,351.65,1,Low Value Customer
12567,9401.28,10,Medium Value Customer
12569,4124.69,32,Medium Value Customer
12571,519.61,2,Low Value Customer
12572,1020.42,2,Low Value Customer
12573,160.54000000000002,1,Low Value Customer
12574,218.45,1,Low Value Customer
12576,1315.83,5,Low Value Customer
12577,626.6,3,Low Value Customer
12578,2794.51,2,Low Value Customer
12579,440.42,1,Low Value Customer
12580,415.7,1,Low Value Customer
12581,197.71,1,Low Value Customer
12582,511.36,2,Low Value Customer
12583,7281.38,15,Medium Value Customer
12584,2338.15,9,Low Value Customer
12585,2040.1,2,Low Value Customer
12586,196.94000000000003,1,Low Value Customer
12587,144.0,1,Low Value Customer
12588,214.89999999999998,1,Low Value Customer
12589,646.68,2,Low Value Customer
12590,9864.26,2,Medium Value Customer
12591,452.84999999999997,1,Low Value Customer
12592,437.6,2,Low Value Customer
12593,418.09999999999997,3,Low Value Customer
12594,3338.2200000000003,10,Medium Value Customer
12596,618.27,2,Low Value Customer
12597,3811.22,4,Medium Value Customer
12598,3023.08,8,Medium Value Customer
12599,1032.58,7,Low Value Customer
12600,2599.04,10,Low Value Customer
12601,577.0600000000001,5,Low Value Customer
12602,153.12,1,Low Value Customer
12603,739.1999999999999,1,Low Value Customer
12604,254.18,2,Low Value Customer
12607,1579.51,1,Low Value Customer
12609,1126.85,3,Low Value Customer
12610,2099.54,5,Low Value Customer
12611,1193.32,1,Low Value Customer
12612,704.0400000000001,1,Low Value Customer
12613,3344.38,5,Medium Value Customer
12614,315.6,1,Low Value Customer
12615,2291.19,4,Low Value Customer
12616,713.3,2,Low Value Customer
12617,352.98,1,Low Value Customer
12618,177.31,1,Low Value Customer
12619,3641.24,9,Medium Value Customer
12620,1339.41,3,Low Value Customer
12621,13689.67,20,High Value Customer
12622,180.1,1,Low Value Customer
12623,305.1,1,Low Value Customer
12624,641.13,2,Low Value Customer
12625,2683.82,2,Low Value Customer
12626,6620.48,9,Medium Value Customer
12627,4478.53,7,Medium Value Customer
12628,786.46,3,Low Value Customer
12630,1270.88,2,Low Value Customer
12631,640.5,1,Low Value Customer
12633,2163.98,4,Low Value Customer
12635,1689.18,2,Low Value Customer
12637,6002.9,8,Medium Value Customer
12638,671.69,1,Low Value Customer
12639,486.1,1,Low Value Customer
12640,1174.58,3,Low Value Customer
12641,185.9,1,Low Value Customer
12642,1013.26,3,Low Value Customer
12643,3344.64,6,Medium Value Customer
12644,477.91,1,Low Value Customer
12645,1775.18,4,Low Value Customer
12646,1346.97,2,Low Value Customer
12647,3722.82,12,Medium Value Customer
12648,318.05,1,Low Value Customer
12649,623.51,3,Low Value Customer
12650,314.44,1,Low Value Customer
12651,114.0,1,Low Value Customer
12652,919.98,1,Low Value Customer
12653,2209.85,2,Low Value Customer
12654,601.98,5,Low Value Customer
12656,4051.17,5,Medium Value Customer
12657,1643.18,4,Low Value Customer
12658,686.05,1,Low Value Customer
12659,91.68,1,Low Value Customer
12660,245.1,1,Low Value Customer
12662,3849.78,11,Medium Value Customer
12664,4881.88,9,Medium Value Customer
12665,63.0,1,Low Value Customer
12667,620.13,1,Low Value Customer
12668,3807.15,4,Medium Value Customer
12669,2744.03,3,Low Value Customer
12670,2996.0499999999997,5,Low Value Customer
12672,225.89999999999998,1,Low Value Customer
12673,610.52,2,Low Value Customer
12674,1970.6,4,Low Value Customer
12676,1331.39,6,Low Value Customer
12678,17628.46,12,High Value Customer
12679,1113.02,4,Low Value Customer
12680,862.81,4,Low Value Customer
12681,13787.54,22,High Value Customer
12682,12279.82,31,High Value Customer
12683,8476.57,15,Medium Value Customer
12684,2283.63,7,Low Value Customer
12685,2863.08,6,Low Value Customer
12686,89.14,1,Low Value Customer
12688,4873.8099999999995,1,Medium Value Customer
12689,1247.61,2,Low Value Customer
12690,389.01,1,Low Value Customer
12691,1035.8,6,Low Value Customer
12693,855.91,4,Low Value Customer
12694,869.67,2,Low Value Customer
12695,582.1,4,Low Value Customer
12697,957.59,3,Low Value Customer
12700,4939.99,4,Medium Value Customer
12701,797.71,2,Low Value Customer
12702,219.0,1,Low Value Customer
12703,283.55,1,Low Value Customer
12704,2340.84,8,Low Value Customer
12705,6868.29,9,Medium Value Customer
12707,603.42,1,Low Value Customer
12708,2712.91,10,Low Value Customer
12709,9706.52,15,Medium Value Customer
12710,1149.02,3,Low Value Customer
12712,4396.13,13,Medium Value Customer
12713,848.55,1,Low Value Customer
12714,4708.86,5,Medium Value Customer
12715,343.36,1,Low Value Customer
12716,1053.49,2,Low Value Customer
12717,1030.98,2,Low Value Customer
12718,238.25,1,Low Value Customer
12719,644.95,2,Low Value Customer
12720,5781.73,25,Medium Value Customer
12721,2656.13,6,Low Value Customer
12722,997.63,4,Low Value Customer
12723,725.07,5,Low Value Customer
12724,1031.41,4,Low Value Customer
12725,427.8,1,Low Value Customer
12726,2609.1,7,Low Value Customer
12727,3980.7,7,Medium Value Customer
12728,836.3299999999999,4,Low Value Customer
12729,453.01,1,Low Value Customer
12731,18895.91,12,High Value Customer
12732,236.26000000000002,1,Low Value Customer
12733,383.95,1,Low Value Customer
12734,110.39999999999999,1,Low Value Customer
12735,779.5699999999999,2,Low Value Customer
12736,234.0,1,Low Value Customer
12738,155.35,1,Low Value Customer
12739,1013.04,2,Low Value Customer
12740,427.6,1,Low Value Customer
12743,540.13,2,Low Value Customer
12744,21279.29,7,High Value Customer
12747,4196.01,11,Medium Value Customer
12748,33053.19,209,High Value Customer
12749,4090.88,5,Medium Value Customer
12750,275.88,1,Low Value Customer
12752,4366.78,1,Medium Value Customer
12753,21429.39,6,High Value Customer
12754,3010.74,3,Medium Value Customer
12755,3811.95,2,Medium Value Customer
12756,112.07999999999998,1,Low Value Customer
12757,7834.650000000001,13,Medium Value Customer
12758,2791.59,2,Low Value Customer
12759,1531.44,3,Low Value Customer
12762,1898.52,2,Low Value Customer
12763,494.08,2,Low Value Customer
12764,1693.88,1,Low Value Customer
12766,6989.63,7,Medium Value Customer
12769,1143.6,1,Low Value Customer
12770,1351.45,1,Low Value Customer
12772,892.47,1,Low Value Customer
12775,1386.04,5,Low Value Customer
12778,822.23,6,Low Value Customer
12779,3981.36,8,Medium Value Customer
12781,826.74,2,Low Value Customer
12782,2330.92,5,Low Value Customer
12783,2225.91,6,Low Value Customer
12784,532.8199999999999,2,Low Value Customer
12785,311.95,1,Low Value Customer
12787,463.66,3,Low Value Customer
12789,91.85,1,Low Value Customer
12790,324.92,1,Low Value Customer
12791,192.60000000000002,1,Low Value Customer
12792,400.53999999999996,1,Low Value Customer
12793,545.48,2,Low Value Customer
12794,860.41,2,Low Value Customer
12795,430.48,1,Low Value Customer
12797,254.03,1,Low Value Customer
12798,6977.04,3,Medium Value Customer
12802,427.58,1,Low Value Customer
12808,483.65000000000003,3,Low Value Customer
12809,489.31,1,Low Value Customer
12811,514.85,3,Low Value Customer
12812,229.64000000000001,1,Low Value Customer
12814,125.92,1,Low Value Customer
12815,1063.46,2,Low Value Customer
12816,572.2,2,Low Value Customer
12817,166.04,1,Low Value Customer
12818,1542.08,1,Low Value Customer
12820,942.34,4,Low Value Customer
12821,92.72,1,Low Value Customer
12822,948.88,2,Low Value Customer
12823,1759.5,5,Low Value Customer
12824,397.12,1,Low Value Customer
12826,1474.72,7,Low Value Customer
12827,430.15000000000003,3,Low Value Customer
12828,1018.71,6,Low Value Customer
12829,293.0,2,Low Value Customer
12830,6814.64,6,Medium Value Customer
12831,215.05,1,Low Value Customer
12832,383.03,2,Low Value Customer
12833,417.38,1,Low Value Customer
12834,312.38,1,Low Value Customer
12836,2610.36,4,Low Value Customer
12837,134.1,1,Low Value Customer
12838,671.95,2,Low Value Customer
12839,5591.42,14,Medium Value Customer
12840,2726.77,4,Low Value Customer
12841,3991.58,25,Medium Value Customer
12842,1118.99,2,Low Value Customer
12843,1702.26,8,Low Value Customer
12844,325.96000000000004,2,Low Value Customer
12845,354.09,4,Low Value Customer
12847,843.64,1,Low Value Customer
12849,1010.29,2,Low Value Customer
12851,131.81,1,Low Value Customer
12852,311.55,1,Low Value Customer
12853,1957.1000000000001,6,Low Value Customer
12854,1316.25,3,Low Value Customer
12855,38.1,1,Low Value Customer
12856,2170.78,6,Low Value Customer
12857,1106.4,2,Low Value Customer
12863,521.2,1,Low Value Customer
12864,147.12,1,Low Value Customer
12865,1568.23,2,Low Value Customer
12866,559.12,1,Low Value Customer
12867,4009.34,7,Medium Value Customer
12868,1607.0600000000002,6,Low Value Customer
12871,380.64,2,Low Value Customer
12872,599.97,2,Low Value Customer
12873,374.0,1,Low Value Customer
12875,343.2300000000001,2,Low Value Customer
12876,2218.02,2,Low Value Customer
12877,1535.77,12,Low Value Customer
12878,854.99,2,Low Value Customer
12879,573.22,3,Low Value Customer
12881,298.0,1,Low Value Customer
12882,1463.04,2,Low Value Customer
12883,703.47,4,Low Value Customer
12884,309.05,1,Low Value Customer
12885,1175.22,3,Low Value Customer
12886,1378.4,2,Low Value Customer
12888,354.12,2,Low Value Customer
12890,376.71999999999997,1,Low Value Customer
12891,331.0,3,Low Value Customer
12893,176.55,1,Low Value Customer
12895,372.8,2,Low Value Customer
12897,216.5,2,Low Value Customer
12901,17654.54,28,High Value Customer
12902,138.68,1,Low Value Customer
12904,496.06,2,Low Value Customer
12906,2919.81,5,Low Value Customer
12908,750.0,2,Low Value Customer
12909,2178.67,5,Low Value Customer
12910,3075.04,8,Medium Value Customer
12912,1662.3,5,Low Value Customer
12913,2483.63,5,Low Value Customer
12915,363.65,2,Low Value Customer
12916,2944.95,4,Low Value Customer
12917,594.0,1,Low Value Customer
12919,1335.19,6,Low Value Customer
12920,162.78,1,Low Value Customer
12921,16587.09,37,High Value Customer
12922,405.38,1,Low Value Customer
12923,172.82,1,Low Value Customer
12924,933.7,4,Low Value Customer
12925,694.05,2,Low Value Customer
12928,2062.7000000000003,5,Low Value Customer
12929,117.85,1,Low Value Customer
12930,415.8,2,Low Value Customer
12931,42055.96,15,High Value Customer
12933,607.53,3,Low Value Customer
12935,2160.7,7,Low Value Customer
12936,1063.9,4,Low Value Customer
12937,1504.27,4,Low Value Customer
12938,114.14,1,Low Value Customer
12939,11581.8,8,High Value Customer
12940,899.69,2,Low Value Customer
12942,675.6,3,Low Value Customer
12944,604.51,2,Low Value Customer
12945,462.95,1,Low Value Customer
12947,1603.99,6,Low Value Customer
12948,2064.95,7,Low Value Customer
12949,4167.22,8,Medium Value Customer
12950,1843.0,3,Low Value Customer
12951,1064.07,6,Low Value Customer
12952,1387.79,4,Low Value Customer
12953,329.85,1,Low Value Customer
12955,4757.16,11,Medium Value Customer
12956,108.07,1,Low Value Customer
12957,4017.54,8,Medium Value Customer
12962,266.39,2,Low Value Customer
12963,1856.63,8,Low Value Customer
12965,769.8100000000001,1,Low Value Customer
12966,160.18,1,Low Value Customer
12967,1660.9,2,Low Value Customer
12968,135.95,1,Low Value Customer
12970,405.47,4,Low Value Customer
12971,11189.91,86,High Value Customer
12974,144.8,1,Low Value Customer
12976,738.6,1,Low Value Customer
12977,39.239999999999995,1,Low Value Customer
12980,7374.900000000001,9,Medium Value Customer
12981,372.21999999999997,2,Low Value Customer
12982,390.54,1,Low Value Customer
12984,97.5,1,Low Value Customer
12985,1239.38,2,Low Value Customer
12987,558.7,2,Low Value Customer
12988,505.82,1,Low Value Customer
12989,6924.110000000001,15,Medium Value Customer
12990,409.5,3,Low Value Customer
12991,503.76,2,Low Value Customer
12993,414.76,4,Low Value Customer
12994,974.42,3,Low Value Customer
12995,211.32,1,Low Value Customer
12997,1226.89,4,Low Value Customer
12999,455.88,3,Low Value Customer
13000,534.85,3,Low Value Customer
13001,9785.970000000001,13,Medium Value Customer
13002,120.94999999999999,1,Low Value Customer
13003,149.05,3,Low Value Customer
13004,5655.91,18,Medium Value Customer
13005,513.7,2,Low Value Customer
13006,81.57,1,Low Value Customer
13008,229.46999999999997,1,Low Value Customer
13011,50.550000000000004,1,Low Value Customer
13012,1646.8400000000001,8,Low Value Customer
13013,4810.9400000000005,13,Medium Value Customer
13014,3466.2799999999997,10,Medium Value Customer
13015,3339.64,5,Medium Value Customer
13016,789.89,3,Low Value Customer
13017,204.0,1,Low Value Customer
13018,7277.7,28,Medium Value Customer
13021,2616.38,9,Low Value Customer
13023,689.9,2,Low Value Customer
13026,975.36,5,Low Value Customer
13027,6912.0,6,Medium Value Customer
13028,661.3199999999999,2,Low Value Customer
13029,1247.5,3,Low Value Customer
13030,752.4399999999999,2,Low Value Customer
13032,1010.18,2,Low Value Customer
13033,190.55,1,Low Value Customer
13034,642.77,2,Low Value Customer
13035,921.88,2,Low Value Customer
13037,881.07,3,Low Value Customer
13038,908.46,3,Low Value Customer
13040,676.99,2,Low Value Customer
13043,516.42,1,Low Value Customer
13044,560.47,1,Low Value Customer
13045,305.28000000000003,1,Low Value Customer
13046,629.3100000000001,2,Low Value Customer
13047,3237.54,10,Medium Value Customer
13048,1819.41,4,Low Value Customer
13049,656.6800000000001,2,Low Value Customer
13050,5836.86,17,Medium Value Customer
13052,348.15000000000003,1,Low Value Customer
13055,1214.41,3,Low Value Customer
13058,271.40000000000003,3,Low Value Customer
13059,183.4,1,Low Value Customer
13060,307.53,1,Low Value Customer
13061,248.61,1,Low Value Customer
13062,346.98,1,Low Value Customer
13064,1105.59,4,Low Value Customer
13065,205.86,1,Low Value Customer
13066,470.8,2,Low Value Customer
13067,115.46000000000001,1,Low Value Customer
13068,344.0,2,Low Value Customer
13069,4431.44,24,Medium Value Customer
13070,228.8,1,Low Value Customer
13072,177.15,1,Low Value Customer
13075,919.61,1,Low Value Customer
13077,728.02,4,Low Value Customer
13078,12627.94,26,High Value Customer
13079,220.10000000000002,5,Low Value Customer
13080,58.08,1,Low Value Customer
13081,28337.38,11,High Value Customer
13082,3613.63,9,Medium Value Customer
13083,303.75,2,Low Value Customer
13085,416.08000000000004,2,Low Value Customer
13089,58762.08,97,High Value Customer
13090,8910.82,14,Medium Value Customer
13091,345.82,1,Low Value Customer
13092,477.83,5,Low Value Customer
13093,7832.47,8,Medium Value Customer
13094,1927.3200000000002,12,Low Value Customer
13095,74.39999999999999,1,Low Value Customer
13097,6003.22,10,Medium Value Customer
13098,28882.44,28,High Value Customer
13099,207.35999999999999,1,Low Value Customer
13101,101.19,1,Low Value Customer
13102,6424.09,24,Medium Value Customer
13103,243.94,1,Low Value Customer
13104,1098.48,6,Low Value Customer
13106,76.5,1,Low Value Customer
13107,1531.62,4,Low Value Customer
13108,350.06,1,Low Value Customer
13109,786.54,2,Low Value Customer
13110,1488.67,7,Low Value Customer
13113,12245.96,24,High Value Customer
13115,2294.78,4,Low Value Customer
13116,501.14,1,Low Value Customer
13117,984.91,8,Low Value Customer
13118,1197.81,5,Low Value Customer
13120,30.599999999999998,1,Low Value Customer
13121,283.73,1,Low Value Customer
13122,922.39,2,Low Value Customer
13124,3756.33,3,Medium Value Customer
13126,2099.64,8,Low Value Customer
13127,259.17,1,Low Value Customer
13130,64.0,1,Low Value Customer
13131,1073.3,3,Low Value Customer
13132,77.3,1,Low Value Customer
13133,109.8,2,Low Value Customer
13134,1793.58,4,Low Value Customer
13135,3096.0,1,Medium Value Customer
13136,2607.61,5,Low Value Customer
13137,3603.29,8,Medium Value Customer
13138,962.39,6,Low Value Customer
13139,5064.94,7,Medium Value Customer
13140,422.46999999999997,3,Low Value Customer
13141,2388.75,5,Low Value Customer
13142,307.09,1,Low Value Customer
13144,110.95,1,Low Value Customer
13145,618.52,4,Low Value Customer
13146,228.91,1,Low Value Customer
13147,712.8000000000001,4,Low Value Customer
13148,3683.26,12,Medium Value Customer
13149,1676.06,4,Low Value Customer
13151,1257.8700000000001,1,Low Value Customer
13153,486.22,1,Low Value Customer
13155,971.76,4,Low Value Customer
13157,1741.22,4,Low Value Customer
13158,1201.06,4,Low Value Customer
13159,1429.35,4,Low Value Customer
13160,91.8,1,Low Value Customer
13161,112.75,1,Low Value Customer
13162,1688.29,4,Low Value Customer
13165,1021.48,2,Low Value Customer
13166,417.2,1,Low Value Customer
13167,791.3299999999999,4,Low Value Customer
13168,1299.59,4,Low Value Customer
13169,712.88,2,Low Value Customer
13170,108.81,1,Low Value Customer
13171,468.41,3,Low Value Customer
13173,353.65,2,Low Value Customer
13174,2742.82,3,Low Value Customer
13176,481.49,1,Low Value Customer
13177,282.45,1,Low Value Customer
13178,5725.47,11,Medium Value Customer
13182,121.18,1,Low Value Customer
13183,3957.78,9,Medium Value Customer
13184,1668.95,10,Low Value Customer
13185,71.4,1,Low Value Customer
13186,1575.89,3,Low Value Customer
13187,236.02,1,Low Value Customer
13188,114.60000000000001,1,Low Value Customer
13189,260.68,2,Low Value Customer
13192,911.94,2,Low Value Customer
13193,112.08,1,Low Value Customer
13194,60.7,1,Low Value Customer
13196,1797.78,4,Low Value Customer
13198,3401.2400000000002,6,Medium Value Customer
13199,9817.12,38,Medium Value Customer
13200,870.09,4,Low Value Customer
13203,869.46,4,Low Value Customer
13207,250.26000000000002,2,Low Value Customer
13208,1217.65,6,Low Value Customer
13209,5891.61,8,Medium Value Customer
13210,353.48,1,Low Value Customer
13211,1095.42,3,Low Value Customer
13212,786.83,3,Low Value Customer
13213,1520.58,5,Low Value Customer
13216,333.74,1,Low Value Customer
13217,533.98,3,Low Value Customer
13218,62.63999999999999,1,Low Value Customer
13220,819.2900000000001,4,Low Value Customer
13221,847.41,2,Low Value Customer
13223,163.20000000000002,2,Low Value Customer
13224,2155.95,2,Low Value Customer
13225,6463.84,7,Medium Value Customer
13226,108.21000000000001,1,Low Value Customer
13227,257.7,1,Low Value Customer
13228,358.0,1,Low Value Customer
13229,160.95,1,Low Value Customer
13230,2755.63,14,Low Value Customer
13232,1328.35,7,Low Value Customer
13233,605.12,2,Low Value Customer
13235,1031.07,1,Low Value Customer
13236,744.85,2,Low Value Customer
13238,700.73,4,Low Value Customer
13239,329.56,1,Low Value Customer
13240,663.65,4,Low Value Customer
13242,270.40000000000003,3,Low Value Customer
13243,585.12,1,Low Value Customer
13244,121.74000000000001,1,Low Value Customer
13245,430.5,1,Low Value Customer
13246,1961.52,6,Low Value Customer
13247,501.12,4,Low Value Customer
13248,465.68,2,Low Value Customer
13249,711.41,3,Low Value Customer
13253,1030.4,2,Low Value Customer
13255,399.51,2,Low Value Customer
13258,672.83,3,Low Value Customer
13259,283.18,1,Low Value Customer
13260,557.62,1,Low Value Customer
13261,944.1,2,Low Value Customer
13262,200.29,1,Low Value Customer
13263,7436.93,35,Medium Value Customer
13265,2092.66,5,Low Value Customer
13266,3834.2599999999998,12,Medium Value Customer
13267,4521.49,19,Medium Value Customer
13268,3174.75,11,Medium Value Customer
13269,5343.28,15,Medium Value Customer
13270,590.0,1,Low Value Customer
13271,211.49,1,Low Value Customer
13272,276.56,2,Low Value Customer
13273,138.98,1,Low Value Customer
13276,590.93,2,Low Value Customer
13277,258.4,4,Low Value Customer
13278,542.73,1,Low Value Customer
13279,137.75,1,Low Value Customer
13280,798.46,3,Low Value Customer
13282,1132.14,3,Low Value Customer
13283,93.66,2,Low Value Customer
13284,201.19,1,Low Value Customer
13285,2709.12,4,Low Value Customer
13291,361.11,1,Low Value Customer
13292,578.9399999999999,2,Low Value Customer
13294,873.74,2,Low Value Customer
13295,201.20000000000002,1,Low Value Customer
13296,87.4,1,Low Value Customer
13297,2089.85,4,Low Value Customer
13298,360.0,1,Low Value Customer
13299,142.5,1,Low Value Customer
13300,371.89,1,Low Value Customer
13301,618.09,4,Low Value Customer
13302,63.75,1,Low Value Customer
13304,300.42,1,Low Value Customer
13305,2000.86,10,Low Value Customer
13307,15.0,1,Low Value Customer
13308,1385.51,3,Low Value Customer
13309,1456.79,5,Low Value Customer
13310,1132.03,3,Low Value Customer
13311,598.57,2,Low Value Customer
13313,1555.32,5,Low Value Customer
13314,775.94,3,Low Value Customer
13316,5732.93,4,Medium Value Customer
13317,2273.68,6,Low Value Customer
13318,640.76,3,Low Value Customer
13319,10845.550000000001,26,High Value Customer
13320,1532.2,4,Low Value Customer
13321,567.36,2,Low Value Customer
13322,199.48000000000002,1,Low Value Customer
13323,787.85,5,Low Value Customer
13324,7121.95,10,Medium Value Customer
13325,675.3,1,Low Value Customer
13327,3627.77,8,Medium Value Customer
13328,1308.48,1,Low Value Customer
13329,789.0,2,Low Value Customer
13330,1140.93,3,Low Value Customer
13332,350.9,1,Low Value Customer
13334,3502.32,3,Medium Value Customer
13336,795.12,1,Low Value Customer
13338,487.02,1,Low Value Customer
13339,860.12,1,Low Value Customer
13340,10736.48,7,High Value Customer
13341,775.85,1,Low Value Customer
13343,353.43,1,Low Value Customer
13344,2511.69,3,Low Value Customer
13345,389.5,1,Low Value Customer
13347,341.36,1,Low Value Customer
13348,233.76,1,Low Value Customer
13349,247.32,1,Low Value Customer
13350,979.12,2,Low Value Customer
13351,373.94,1,Low Value Customer
13352,397.97999999999996,1,Low Value Customer
13354,743.53,1,Low Value Customer
13355,674.7,1,Low Value Customer
13356,768.24,1,Low Value Customer
13357,609.4,1,Low Value Customer
13358,439.03,1,Low Value Customer
13359,439.56,1,Low Value Customer
13362,3090.7400000000002,4,Medium Value Customer
13363,992.5,2,Low Value Customer
13364,134.95999999999998,1,Low Value Customer
13365,2225.37,2,Low Value Customer
13366,56.160000000000004,1,Low Value Customer
13368,623.4,2,Low Value Customer
13369,308.28000000000003,1,Low Value Customer
13370,754.87,1,Low Value Customer
13372,378.64,1,Low Value Customer
13373,3312.25,3,Medium Value Customer
13375,778.65,1,Low Value Customer
13376,1019.76,3,Low Value Customer
13379,572.56,3,Low Value Customer
13381,3639.31,6,Medium Value Customer
13382,222.99,1,Low Value Customer
13384,4151.93,7,Medium Value Customer
13385,534.57,1,Low Value Customer
13388,677.1,2,Low Value Customer
13389,797.96,3,Low Value Customer
13390,544.08,1,Low Value Customer
13391,59.8,1,Low Value Customer
13394,2520.02,8,Low Value Customer
13395,307.72,1,Low Value Customer
13396,1360.99,2,Low Value Customer
13397,1544.13,5,Low Value Customer
13398,457.34,1,Low Value Customer
13402,621.23,2,Low Value Customer
13403,75.0,1,Low Value Customer
13404,252.49,2,Low Value Customer
13405,572.451,3,Low Value Customer
13408,28117.04,62,High Value Customer
13410,1003.0600000000001,5,Low Value Customer
13411,213.55,1,Low Value Customer
13414,1390.5,3,Low Value Customer
13416,712.5,2,Low Value Customer
13417,640.83,2,Low Value Customer
13418,6127.43,18,Medium Value Customer
13419,221.06,1,Low Value Customer
13420,159.85,2,Low Value Customer
13421,1833.71,2,Low Value Customer
13422,2626.3,1,Low Value Customer
13425,1624.21,3,Low Value Customer
13426,3641.32,10,Medium Value Customer
13427,582.6,3,Low Value Customer
13428,201.78,1,Low Value Customer
13429,1006.8,4,Low Value Customer
13430,679.45,2,Low Value Customer
13431,1269.1,2,Low Value Customer
13434,534.24,2,Low Value Customer
13435,3809.8900000000003,7,Medium Value Customer
13436,196.89,1,Low Value Customer
13437,3408.06,7,Medium Value Customer
13439,283.71,1,Low Value Customer
13441,296.64,1,Low Value Customer
13447,1129.14,3,Low Value Customer
13448,3534.69,6,Medium Value Customer
13449,291.88,1,Low Value Customer
13450,2043.72,6,Low Value Customer
13451,2898.2599999999998,5,Low Value Customer
13452,590.0,2,Low Value Customer
13453,356.97999999999996,2,Low Value Customer
13455,1058.34,2,Low Value Customer
13456,1766.72,6,Low Value Customer
13458,9646.57,14,Medium Value Customer
13460,183.44,2,Low Value Customer
13461,1445.0,3,Low Value Customer
13462,151.5,1,Low Value Customer
13464,674.68,1,Low Value Customer
13466,307.9,1,Low Value Customer
13467,1071.91,2,Low Value Customer
13468,5704.97,37,Medium Value Customer
13470,165.0,2,Low Value Customer
13471,2501.84,4,Low Value Customer
13473,422.64,2,Low Value Customer
13474,226.84,1,Low Value Customer
13475,1431.78,4,Low Value Customer
13476,1238.47,2,Low Value Customer
13477,1454.58,6,Low Value Customer
13479,300.95,2,Low Value Customer
13481,1804.56,5,Low Value Customer
13482,184.64,1,Low Value Customer
13483,140.34,1,Low Value Customer
13484,313.8,1,Low Value Customer
13485,454.24,1,Low Value Customer
13486,1122.41,3,Low Value Customer
13487,575.4,3,Low Value Customer
13488,8968.31,13,Medium Value Customer
13489,449.52,4,Low Value Customer
13491,1215.82,10,Low Value Customer
13492,1269.84,3,Low Value Customer
13493,618.63,2,Low Value Customer
13494,316.26000000000005,1,Low Value Customer
13495,2044.8700000000001,5,Low Value Customer
13496,653.33,2,Low Value Customer
13497,348.05,2,Low Value Customer
13499,1159.11,5,Low Value Customer
13500,1166.77,3,Low Value Customer
13501,1340.32,1,Low Value Customer
13502,292.0,3,Low Value Customer
13503,216.85,1,Low Value Customer
13504,295.93,1,Low Value Customer
13505,4393.63,4,Medium Value Customer
13506,458.52,2,Low Value Customer
13507,2479.16,4,Low Value Customer
13508,110.97,1,Low Value Customer
13509,979.72,7,Low Value Customer
13510,1791.56,4,Low Value Customer
13512,251.21,1,Low Value Customer
13513,205.1,1,Low Value Customer
13514,152.20000000000002,1,Low Value Customer
13515,891.12,4,Low Value Customer
13516,1389.41,3,Low Value Customer
13517,2128.42,3,Low Value Customer
13518,627.16,1,Low Value Customer
13519,122.75,1,Low Value Customer
13520,3624.35,6,Medium Value Customer
13521,1071.73,3,Low Value Customer
13522,125.80000000000001,1,Low Value Customer
13523,3964.88,5,Medium Value Customer
13524,680.1800000000001,5,Low Value Customer
13525,628.78,2,Low Value Customer
13527,2242.36,7,Low Value Customer
13529,307.76,2,Low Value Customer
13531,483.8,2,Low Value Customer
13532,210.31,1,Low Value Customer
13533,269.09,3,Low Value Customer
13534,5870.08,25,Medium Value Customer
13536,3444.39,7,Medium Value Customer
13538,1280.85,7,Low Value Customer
13539,631.34,3,Low Value Customer
13544,276.06,2,Low Value Customer
13546,621.09,3,Low Value Customer
13548,678.16,2,Low Value Customer
13549,918.2,7,Low Value Customer
13551,91.80000000000001,1,Low Value Customer
13552,3740.07,12,Medium Value Customer
13555,4098.88,4,Medium Value Customer
13557,584.06,2,Low Value Customer
13558,594.52,4,Low Value Customer
13560,171.42000000000002,1,Low Value Customer
13561,141.85999999999999,1,Low Value Customer
13562,1799.33,3,Low Value Customer
13563,777.53,2,Low Value Customer
13564,1724.67,3,Low Value Customer
13565,240.22,2,Low Value Customer
13566,856.84,2,Low Value Customer
13568,187.05,1,Low Value Customer
13569,338.62,2,Low Value Customer
13570,239.49,1,Low Value Customer
13571,2088.94,12,Low Value Customer
13572,1384.25,1,Low Value Customer
13573,290.25,2,Low Value Customer
13575,732.0699999999999,5,Low Value Customer
13576,6717.34,18,Medium Value Customer
13577,1687.6000000000001,4,Low Value Customer
13579,467.04,2,Low Value Customer
13581,118.0,1,Low Value Customer
13583,781.03,1,Low Value Customer
13584,142.4,1,Low Value Customer
13587,712.4,1,Low Value Customer
13588,2478.95,9,Low Value Customer
13589,379.65,2,Low Value Customer
13590,1981.92,6,Low Value Customer
13591,1117.13,3,Low Value Customer
13592,247.96,4,Low Value Customer
13593,2011.88,5,Low Value Customer
13594,396.97,1,Low Value Customer
13596,664.11,2,Low Value Customer
13598,160.04,1,Low Value Customer
13599,5149.92,21,Medium Value Customer
13600,219.52,1,Low Value Customer
13601,693.32,2,Low Value Customer
13602,428.89,1,Low Value Customer
13603,164.34,1,Low Value Customer
13606,276.75,3,Low Value Customer
13607,675.51,1,Low Value Customer
13610,1082.33,7,Low Value Customer
13611,1154.4,3,Low Value Customer
13614,1585.46,4,Low Value Customer
13615,417.69,1,Low Value Customer
13617,544.18,3,Low Value Customer
13618,177.34,1,Low Value Customer
13621,213.85,1,Low Value Customer
13623,727.74,5,Low Value Customer
13626,257.23,1,Low Value Customer
13627,1638.47,5,Low Value Customer
13629,7792.36,11,Medium Value Customer
13630,2031.78,7,Low Value Customer
13631,3070.42,11,Medium Value Customer
13632,2118.93,5,Low Value Customer
13634,1547.3600000000001,5,Low Value Customer
13635,1071.03,1,Low Value Customer
13636,949.12,5,Low Value Customer
13637,804.3,3,Low Value Customer
13638,122.64,1,Low Value Customer
13639,1033.34,1,Low Value Customer
13642,312.28,1,Low Value Customer
13643,519.44,3,Low Value Customer
13644,2624.26,4,Low Value Customer
13645,252.1,1,Low Value Customer
13647,1648.1200000000001,4,Low Value Customer
13649,346.6,2,Low Value Customer
13650,1836.3400000000001,6,Low Value Customer
13651,94.2,2,Low Value Customer
13652,1095.08,3,Low Value Customer
13654,2707.33,6,Low Value Customer
13655,932.97,2,Low Value Customer
13656,379.65,2,Low Value Customer
13657,382.14,2,Low Value Customer
13658,2639.17,5,Low Value Customer
13659,1563.0,2,Low Value Customer
13662,881.26,3,Low Value Customer
13663,189.47,1,Low Value Customer
13666,84.65,3,Low Value Customer
13667,299.05,1,Low Value Customer
13668,6309.83,21,Medium Value Customer
13669,218.55,2,Low Value Customer
13670,349.7,1,Low Value Customer
13672,186.39000000000001,2,Low Value Customer
13673,387.44,2,Low Value Customer
13675,486.82000000000005,2,Low Value Customer
13678,232.6,1,Low Value Customer
13680,3719.12,4,Medium Value Customer
13681,827.83,4,Low Value Customer
13682,59.5,1,Low Value Customer
13684,65.13,1,Low Value Customer
13685,3119.44,7,Medium Value Customer
13686,72.0,1,Low Value Customer
13689,910.0,1,Low Value Customer
13690,172.25,1,Low Value Customer
13692,1488.32,3,Low Value Customer
13694,65039.62,50,High Value Customer
13695,2504.13,15,Low Value Customer
13697,151.29999999999998,1,Low Value Customer
13699,308.58000000000004,1,Low Value Customer
